0,1,2,3,target
0.37454012,0.9507143,0.7319939,0.5986585,20.507038
0.15601864,0.15599452,0.058083612,0.8661761,13.8926935
0.601115,0.7080726,0.020584494,0.96990985,16.951513
0.83244264,0.21233912,0.18182497,0.1834045,12.81214
0.30424225,0.52475643,0.43194503,0.29122913,13.459762
0.6118529,0.13949387,0.29214466,0.36636186,12.357828
0.45606998,0.785176,0.19967379,0.5142344,14.438327
0.59241456,0.046450414,0.60754484,0.17052412,11.272085
0.06505159,0.94888556,0.965632,0.80839735,20.279318
0.30461377,0.09767211,0.684233,0.4401525,14.524663
0.12203824,0.4951769,0.03438852,0.9093204,14.878064
0.25877997,0.66252226,0.31171107,0.52006805,14.689425
0.54671025,0.18485446,0.96958464,0.77513283,17.932522
0.93949896,0.89482737,0.5979,0.9218742,22.526798
0.088492505,0.19598286,0.04522729,0.32533032,8.910396
0.3886773,0.27134904,0.8287375,0.35675332,16.311663
0.2809345,0.54269606,0.14092423,0.802197,14.529174
0.07455064,0.9868869,0.77224475,0.19871569,15.472282
0.005522117,0.81546146,0.7068573,0.7290072,16.719957
0.77127033,0.07404465,0.35846573,0.11586906,11.59613
0.86310345,0.6232981,0.33089802,0.06355835,15.093656
0.31098232,0.32518333,0.72960615,0.63755745,17.222685
0.88721275,0.47221494,0.119594246,0.7132448,17.40636
0.76078504,0.5612772,0.7709672,0.4937956,18.867216
0.52273285,0.42754102,0.025419127,0.107891425,9.949137
0.031429186,0.6364104,0.31435597,0.5085707,13.932344
0.9075665,0.24929222,0.41038293,0.75555116,16.52489
0.22879817,0.07697991,0.28975144,0.16122128,11.740974
0.92969763,0.80812037,0.6334038,0.8714606,20.220568
0.8036721,0.18657006,0.892559,0.5393422,18.749842
0.80744016,0.8960913,0.31800348,0.11005192,16.14997
0.22793517,0.42710778,0.81801474,0.8607306,20.476315
0.0069521307,0.5107473,0.417411,0.22210781,12.073861
0.119865365,0.33761516,0.9429097,0.32320294,16.076145
0.5187906,0.70301896,0.3636296,0.9717821,21.29894
0.9624473,0.2517823,0.4972485,0.30087832,14.568342
0.2848405,0.03688695,0.6095643,0.50267905,12.530925
0.05147875,0.27864647,0.9082659,0.23956189,12.367713
0.14489487,0.48945275,0.9856505,0.24205527,16.485792
0.67213553,0.7616196,0.23763755,0.72821635,15.737221
0.36778313,0.6323058,0.6335297,0.5357747,16.64255
0.09028977,0.8353025,0.32078007,0.1865185,13.772404
0.040775143,0.590893,0.6775644,0.01658783,13.1584215
0.51209307,0.22649577,0.6451728,0.17436643,14.13977
0.69093776,0.38673535,0.93672997,0.13752094,16.35082
0.34106636,0.11347352,0.92469364,0.87733936,19.643463
0.25794163,0.65998405,0.8172222,0.5552008,16.878761
0.52965057,0.24185228,0.09310277,0.8972158,14.728174
0.90041804,0.63310146,0.3390298,0.34920958,15.251407
0.72595567,0.8971103,0.88708645,0.7798755,22.711185
0.64203167,0.084139965,0.16162871,0.8985542,16.362522
0.60642904,0.009197052,0.10147154,0.66350174,13.795669
0.005061584,0.16080806,0.5487338,0.6918952,15.736951
0.65196127,0.22426932,0.71217924,0.23724909,13.65931
0.3253997,0.74649143,0.6496329,0.84922343,20.972895
0.6576129,0.5683086,0.09367477,0.3677158,15.44398
0.26520237,0.24398965,0.97301054,0.39309773,16.730827
0.8920466,0.6311386,0.7948113,0.5026371,20.972372
0.5769039,0.49251768,0.19524299,0.7224521,14.355087
0.28077236,0.024315966,0.6454723,0.17711067,11.705158
0.9404586,0.9539286,0.91486436,0.3701587,19.697062
0.015456617,0.92831856,0.42818415,0.96665484,19.421972
0.96361995,0.85300946,0.29444888,0.38509774,16.035587
0.8511367,0.316922,0.16949275,0.55680126,15.766865
0.9361548,0.6960298,0.57006115,0.09717649,17.396484
0.6150072,0.99005383,0.14008401,0.5183297,17.310839
0.8773731,0.7407686,0.69701576,0.7024841,20.578928
0.35949114,0.29359186,0.80936116,0.8101134,17.172453
0.86707234,0.91324055,0.5113424,0.5015163,17.973139
0.7982952,0.6499639,0.7019669,0.7957927,21.52895
0.89000535,0.33799517,0.37558296,0.09398194,14.243152
0.57828015,0.035942275,0.46559802,0.5426446,14.423448
0.28654125,0.59083325,0.03050025,0.03734819,10.181638
0.82260054,0.36019063,0.12706052,0.52224326,12.651519
0.76999354,0.21582103,0.6228905,0.085347466,12.72895
0.05168172,0.5313546,0.5406351,0.6374299,17.719637
0.7260913,0.9758521,0.5163003,0.32295647,16.320467
0.7951862,0.27083224,0.43897143,0.07845638,13.323963
0.025350744,0.9626484,0.8359801,0.69597423,20.289835
0.40895295,0.17329432,0.15643704,0.2502429,9.948756
0.54922664,0.7145959,0.6601974,0.2799339,16.671364
0.9548653,0.7378969,0.5543541,0.61172074,20.196194
0.41960007,0.24773099,0.35597268,0.7578461,15.589164
0.014393489,0.11607264,0.04600264,0.040728804,10.85026
0.8554606,0.70365787,0.47417384,0.09783416,13.670288
0.49161586,0.47347176,0.17320187,0.43385166,14.896583
0.39850473,0.6158501,0.6350936,0.04530401,13.933405
0.37461263,0.6258599,0.5031363,0.85648984,19.053818
0.6586936,0.16293442,0.07056875,0.6424193,14.276485
0.02651131,0.58577555,0.94023025,0.5754742,16.843477
0.3881699,0.6432882,0.45825288,0.5456168,16.531624
0.9414648,0.38610265,0.9611906,0.9053506,19.74896
0.19579114,0.0693613,0.100778,0.018221825,9.081287
0.09444296,0.68300676,0.07118865,0.31897563,12.583311
0.84487534,0.023271935,0.8144685,0.28185478,16.029844
0.11816483,0.6967372,0.62894285,0.87747204,19.609108
0.73507106,0.8034809,0.28203458,0.17743954,15.261567
0.75061476,0.80683476,0.99050516,0.41261768,20.055504
0.3720181,0.77641296,0.34080353,0.93075734,17.6292
0.85841274,0.42899403,0.75087106,0.7545429,18.860605
0.103123866,0.9025529,0.50525236,0.82645744,19.591324
0.3200496,0.89552325,0.38920167,0.010837652,14.989612
0.905382,0.091286674,0.31931365,0.950062,17.140121
0.9506071,0.57343787,0.6318372,0.44844553,18.041435
0.29321077,0.32866454,0.67251843,0.75237453,16.166515
0.79157907,0.78961813,0.0912061,0.4944203,17.12852
0.05755876,0.5495289,0.4415305,0.8877042,17.570086
0.350915,0.11706702,0.14299168,0.7615106,15.746253
0.61821806,0.10112268,0.0841068,0.70096916,13.007171
0.072763,0.8218601,0.7062422,0.081348784,14.147025
0.08483771,0.98663956,0.3742708,0.37064216,15.527724
0.8127996,0.9472486,0.9860011,0.7533782,23.324158
0.3762596,0.08350071,0.77714694,0.55840427,15.483274
0.42422202,0.90635437,0.11119748,0.49262512,14.53686
0.011353645,0.46866065,0.056303274,0.11881792,10.784534
0.11752625,0.6492103,0.7460449,0.5833688,17.900991
0.96217257,0.37487057,0.2857121,0.8685991,17.10988
0.22359584,0.96322256,0.012154475,0.96987885,18.759167
0.043159913,0.89114314,0.5277011,0.9929648,20.460545
0.07379656,0.5538543,0.96930254,0.5230979,17.556204
0.62939864,0.6957487,0.45454106,0.62755805,17.788843
0.5843143,0.90115803,0.04544638,0.28096318,14.824644
0.9504115,0.8902638,0.45565677,0.6201326,18.549665
0.27738118,0.18812115,0.46369842,0.35335222,13.053265
0.58365613,0.077734634,0.9743948,0.98621076,17.698761
0.6981617,0.5360964,0.3095276,0.81379503,18.545734
0.6847312,0.16261694,0.9109272,0.82253724,17.633028
0.9497999,0.7257195,0.6134152,0.41824305,19.832232
0.93272847,0.8660639,0.04521867,0.026366975,13.316616
0.37646335,0.8105533,0.98727614,0.1504169,16.99882
0.5941307,0.38089085,0.9699144,0.8421189,19.580507
0.8383287,0.46869317,0.4148195,0.27340707,14.816259
0.056375496,0.8647224,0.812901,0.99971765,22.109358
0.9966368,0.5554317,0.7689874,0.94476575,19.23736
0.8496474,0.2473481,0.45054415,0.12915942,14.842978
0.954051,0.60617465,0.2286428,0.67170066,17.798294
0.61812824,0.35816273,0.11355759,0.6715732,13.677241
0.5203077,0.77231836,0.5201635,0.8521815,18.288792
0.5519068,0.560938,0.8766536,0.40348285,19.380032
0.13401523,0.028782677,0.75513726,0.62030953,14.069213
0.70407975,0.21296416,0.13637148,0.014544666,9.579871
0.35058755,0.58991766,0.39224404,0.43747494,16.134817
0.9041587,0.34825546,0.5139895,0.783653,18.715916
0.3965428,0.6220867,0.8623637,0.94952065,19.748991
0.14707348,0.92658764,0.4921163,0.2582444,15.374244
0.45913577,0.98003256,0.49261808,0.32875162,15.707385
0.63340086,0.24014562,0.07586333,0.12887973,12.114202
0.12804584,0.15190269,0.13882717,0.64087474,13.592504
0.18188009,0.34566727,0.8967884,0.47396165,16.788027
0.6675577,0.17231987,0.19228902,0.040868618,11.26027
0.16893506,0.27859035,0.17701049,0.08870254,11.799623
0.120635875,0.46077877,0.20633371,0.36426985,12.421997
0.50341725,0.6903948,0.03931214,0.7994104,15.08298
0.62790036,0.081759036,0.8735786,0.9208724,19.553339
0.06107796,0.27687764,0.8062013,0.74825966,18.897356
0.18452102,0.20934932,0.3704721,0.484523,12.135699
0.6182548,0.36891365,0.46253473,0.7474709,16.766455
0.0366832,0.25243694,0.7133496,0.8952068,17.474232
0.51167744,0.5321135,0.10717201,0.44741237,13.829916
0.5326173,0.2424705,0.26924324,0.37728417,12.195352
0.020071197,0.32207915,0.21144801,0.32749736,12.492612
0.11976213,0.8905273,0.59359246,0.6791023,20.284012
0.7891712,0.4984422,0.08692029,0.5371065,15.214655
0.5868411,0.74543947,0.43165955,0.1275803,13.761992
0.2837759,0.3630823,0.64591724,0.5707783,14.408953
0.3560967,0.9865152,0.6057748,0.2372268,16.724562
0.10178247,0.15285914,0.24595773,0.16068137,11.214539
0.18656702,0.28509516,0.1733736,0.8967654,15.42271
0.080233745,0.5245114,0.4103968,0.9823786,17.282598
0.1120389,0.3978556,0.96947044,0.8655071,18.378662
0.8170721,0.25790283,0.17088759,0.66864324,14.256961
0.929376,0.5567629,0.5716127,0.27997908,17.387869
0.7694929,0.18704374,0.32367924,0.42543644,15.14144
0.5076104,0.24240974,0.11483683,0.61062,12.184645
0.28863055,0.5812382,0.15436271,0.4811401,15.439338
0.53258944,0.051823538,0.33660427,0.13441467,11.868643
0.063374974,0.98996025,0.32235384,0.8098745,19.020576
0.25464067,0.6815027,0.76022786,0.59563875,16.522778
0.47157618,0.41184092,0.34886828,0.92952913,16.017784
0.8306194,0.9650269,0.124297224,0.73086745,18.209688
0.9383405,0.18123306,0.06649627,0.74112064,15.821943
0.57447314,0.84182876,0.13977237,0.7952673,19.357561
0.20162731,0.16365594,0.1642658,0.8145747,14.674362
0.6651972,0.52306545,0.35883048,0.87720054,17.902527
0.39244512,0.8165994,0.4391349,0.37694442,14.874705
0.46267977,0.30137786,0.7476094,0.5027204,17.57792
0.23221269,0.8995746,0.38389122,0.5435529,15.511004
0.9064721,0.624238,0.11689804,0.93983215,20.06832
0.6277081,0.33490562,0.13927208,0.7940252,15.398873
0.6200728,0.5334611,0.8938926,0.7885972,21.78569
0.15167488,0.31172207,0.24848914,0.7439463,15.086967
0.033532433,0.56988966,0.7624587,0.8767656,18.316048
0.34208176,0.8212573,0.110631734,0.8464523,16.42375
0.12748866,0.39728728,0.7972954,0.14991742,13.516688
0.2292514,0.72225255,0.72003657,0.6411476,18.45215
0.69394845,0.54272443,0.25179905,0.345696,14.663071
0.18159771,0.90845054,0.5833918,0.40085143,15.906852
0.4620058,0.9472833,0.1533514,0.58622986,16.293655
0.5058887,0.61145425,0.018110184,0.8721239,16.365355
0.9321183,0.56513315,0.6966508,0.92249936,18.946404
0.7072386,0.15253904,0.57628834,0.606715,16.711773
0.42413068,0.73644423,0.934367,0.9255685,20.463694
0.45083937,0.113238044,0.9848412,0.83889806,17.609732
0.12466268,0.9208419,0.86989635,0.51883805,16.832521
0.59127545,0.3990027,0.054761637,0.33519724,10.860936
0.80285347,0.004632023,0.33349916,0.39816868,12.128149
0.5373956,0.9198556,0.346346,0.3469532,15.396037
0.73750126,0.45221794,0.22460483,0.45243952,16.812296
0.14085703,0.17638698,0.4983678,0.41892546,12.607631
0.9148459,0.3623939,0.58058834,0.6322643,18.068392
0.013094457,0.6635374,0.17803596,0.9610703,16.750517
0.14866273,0.41462412,0.08534967,0.9968743,15.643543
0.502195,0.595385,0.067076474,0.7499605,15.645827
0.2099056,0.8980543,0.20513964,0.19068772,12.196465
0.03654967,0.47206694,0.56484115,0.06570864,13.667302
0.7755276,0.45328882,0.5243903,0.44076276,18.213463
0.40076306,0.55964035,0.15524025,0.18192813,10.625962
0.86178565,0.94611543,0.3733093,0.27074468,15.836804
0.6439995,0.40873417,0.025386356,0.15615259,11.350972
0.71597224,0.6589239,0.027095992,0.22197217,12.286387
0.2310748,0.67189276,0.019710537,0.10410858,11.609965
0.7999161,0.17854466,0.6527461,0.23818278,14.078482
0.099441394,0.24317218,0.7222669,0.85569644,19.181583
0.83021986,0.39718354,0.66808516,0.20498429,16.840273
0.29314774,0.89633584,0.013001923,0.08550853,12.255422
0.20788625,0.026532203,0.18143544,0.58304155,13.1622
0.42142454,0.8926717,0.81744355,0.34181735,19.078983
0.25942343,0.3796924,0.59029496,0.26806363,13.292949
0.6241489,0.40941164,0.5520472,0.43612653,15.070871
0.29446575,0.9484533,0.7636058,0.14011317,16.414062
0.868468,0.4874312,0.89455223,0.79985523,21.688658
0.42521352,0.022469308,0.26867735,0.5416342,13.097771
0.6334782,0.2578877,0.13935608,0.83493024,14.061351
0.9844022,0.5256902,0.17167929,0.27230734,13.745383
0.018390676,0.91429883,0.117751084,0.57651645,14.686249
0.2740552,0.554178,0.6514204,0.8297418,18.198765
0.20642127,0.010995829,0.13688563,0.90001863,15.720329
0.8738901,0.5974131,0.60051686,0.6650367,17.61814
0.17537127,0.91441196,0.41877052,0.38313854,16.082035
0.5189177,0.046965968,0.16628337,0.7380336,15.493349
0.08279867,0.6031521,0.24534911,0.3892956,15.494973
0.28869373,0.35567272,0.7190459,0.2971217,14.262335
0.56640464,0.4760504,0.66367114,0.93682975,20.03418
0.7325721,0.21494038,0.031183135,0.26226404,12.356738
0.59507793,0.051425815,0.49636623,0.5968428,15.249307
0.3342439,0.77091223,0.10659825,0.07513778,11.971354
0.72818875,0.49549133,0.6884024,0.43482733,17.653482
0.24640204,0.81910235,0.7994159,0.6946965,16.648628
0.27214515,0.59023064,0.3609739,0.091582075,13.21379
0.9173136,0.13681863,0.95023733,0.44600576,17.852615
0.18513294,0.54190093,0.87294585,0.7322249,18.258606
0.8065612,0.6587834,0.69227654,0.84919566,22.658236
0.249668,0.48942497,0.22120944,0.98766804,16.063826
0.9440593,0.03942681,0.70557517,0.9252483,18.666176
0.18057534,0.56794524,0.9154883,0.033945978,16.586178
0.69742024,0.297349,0.9243962,0.97105825,19.897926
0.9442665,0.47421423,0.86204267,0.8445494,20.55705
0.31910047,0.8289155,0.037007634,0.5962699,14.888596
0.23000884,0.12056688,0.0769532,0.69628876,13.575527
0.33987495,0.7247668,0.065356344,0.31529033,13.345018
0.5394913,0.79072315,0.3187525,0.6258914,15.837852
0.88597775,0.6158632,0.23295948,0.024400782,12.900419
0.8700989,0.02126941,0.8747017,0.52893716,16.63515
0.9390677,0.79878324,0.9979341,0.35071182,20.029057
0.7671883,0.40193093,0.47987562,0.6275055,17.499542
0.87367713,0.9840835,0.7682734,0.41776678,20.323538
0.421357,0.7375823,0.23877715,0.11047411,11.295119
0.35462216,0.287239,0.29630813,0.23360775,13.15995
0.04209319,0.017873935,0.9877224,0.42777315,14.955595
0.38432664,0.67964727,0.21825388,0.9499612,19.047138
0.786345,0.089411005,0.41758078,0.8791183,17.52349
0.944732,0.4674015,0.61341137,0.16703394,16.874386
0.9911686,0.2316717,0.9427318,0.64964664,19.978277
0.60773677,0.5126885,0.23066981,0.17652804,14.432708
0.22048621,0.18643826,0.77958447,0.35012525,14.928136
0.057842676,0.9691026,0.8837859,0.92775226,20.937466
0.9949078,0.17389525,0.39624202,0.7582385,19.48338
0.6960206,0.1538959,0.81583315,0.22444057,16.018492
0.22381762,0.53697443,0.5929399,0.58008623,16.838312
0.091486834,0.87746084,0.26560006,0.12951492,11.61309
0.8887481,0.9556515,0.8621276,0.8095161,21.368277
0.65524197,0.55085737,0.08698676,0.40845323,14.347524
0.37268853,0.2597538,0.72342014,0.49587575,15.894957
0.081046216,0.22018321,0.6832588,0.07613086,11.382828
0.8512069,0.4951465,0.4805866,0.59240776,17.632568
0.824681,0.3478092,0.6780161,0.56573194,19.238379
0.26702827,0.87863,0.79742604,0.65845186,19.948849
0.8505817,0.8672942,0.708363,0.8370133,20.443808
0.69747144,0.6801408,0.6186114,0.75271666,19.310825
0.1586051,0.88087076,0.8718435,0.029247284,14.729033
0.82581675,0.12886986,0.33511886,0.7435083,15.741874
0.1607599,0.817967,0.8321342,0.50746775,17.54601
0.0063858717,0.28703815,0.6169269,0.98118615,16.661417
0.6318135,0.2598036,0.6340057,0.53998536,15.08946
0.7798454,0.10698064,0.76102793,0.54126656,16.692543
0.962992,0.34187216,0.6326219,0.9320281,19.451136
0.10250973,0.9372285,0.6878857,0.06783706,11.973445
0.30096358,0.7081721,0.0673506,0.5821705,16.618326
0.34588307,0.62091553,0.045742035,0.8715368,17.068012
0.973489,0.96887785,0.74965185,0.13008624,17.948454
0.7582632,0.024586916,0.022123551,0.32361022,11.444236
0.4886432,0.77040744,0.68329537,0.4459027,16.467798
0.27362666,0.9971245,0.42618132,0.45138702,18.34433
0.16362382,0.7948095,0.69368225,0.22076961,17.360428
0.08238105,0.6804993,0.6545112,0.27325952,15.037948
0.95086354,0.1510579,0.4323348,0.9436159,19.303722
0.41972733,0.63852596,0.3975944,0.2742152,14.621836
0.9839777,0.409334,0.8940992,0.2299546,16.102768
0.21310471,0.031134082,0.6516668,0.36852634,12.821519
0.86435825,0.47320992,0.9681934,0.18552552,17.571962
0.8686232,0.77659684,0.7709218,0.84478325,21.181017
0.761024,0.62622035,0.13124488,0.03252618,12.420681
0.92084783,0.61665034,0.7965373,0.48152235,19.009565
0.11730819,0.12518579,0.6855653,0.4303059,13.781451
0.20052473,0.49159455,0.06420894,0.5819714,13.433084
0.2689934,0.7975591,0.31036195,0.45522016,14.219742
0.01162054,0.07244689,0.39249355,0.47993883,11.449734
0.6000205,0.29166257,0.6949819,0.8601224,17.317772
0.77985096,0.039618824,0.48050696,0.10493018,13.507959
0.24204502,0.98666257,0.14249554,0.49888816,13.272945
0.6181557,0.702465,0.5596487,0.009770848,15.674786
0.32646132,0.51771164,0.0878665,0.35062695,13.979674
0.03320311,0.078578494,0.39692327,0.13271575,9.892653
0.5675408,0.689465,0.8005867,0.20015025,14.06118
0.16748258,0.10456784,0.63643026,0.70647573,14.980414
0.031586144,0.93621224,0.051971283,0.54129636,14.283057
0.7090605,0.8709691,0.71408695,0.80172807,19.981262
0.33945018,0.8148251,0.08011485,0.89481664,16.531906
0.5475924,0.81729776,0.45231828,0.6435777,19.565222
0.52640265,0.7315895,0.081629984,0.060352083,12.940756
0.24710323,0.15954468,0.87178355,0.21921399,13.129126
0.97586524,0.3368958,0.18211791,0.7896985,15.326361
0.6587078,0.4981957,0.55536354,0.7192018,17.733917
0.22845474,0.9963339,0.97479314,0.6503257,20.233164
0.19954245,0.68022823,0.072198406,0.030652503,11.360646
0.2576829,0.46262297,0.8682725,0.7271691,17.7926
0.74270654,0.42549333,0.345935,0.37103876,15.3975
0.98764956,0.04010919,0.8670315,0.5786754,19.86575
0.4386154,0.72525764,0.48666894,0.8734232,19.706263
0.9007019,0.42172092,0.27682778,0.5923503,16.279142
0.91236335,0.21066219,0.6229666,0.6315602,17.300783
0.73311305,0.13156769,0.71582496,0.9090325,18.402256
0.1796831,0.23754333,0.9713951,0.18097696,15.6127
0.8543851,0.49227786,0.24723108,0.8707499,17.365608
0.44530526,0.51481736,0.35923338,0.5929509,15.79428
0.16352387,0.39108154,0.9694123,0.25813344,15.501958
0.6567367,0.32519007,0.77347314,0.13087367,14.421794
0.96982104,0.45378953,0.23605046,0.073496744,11.973389
0.1697579,0.51977396,0.33700317,0.82888335,16.56966
0.43088752,0.24871427,0.617145,0.7067772,16.552904
0.16704191,0.16761921,0.036671426,0.73640203,13.273612
0.66380453,0.47463086,0.84417045,0.80567014,19.41121
0.5853544,0.8682713,0.20584121,0.11191962,15.150693
0.2697496,0.057086855,0.53116953,0.9366057,15.436304
0.03934354,0.12210991,0.45219904,0.933875,17.182756
0.31615612,0.5072348,0.041572858,0.1483432,9.327695
0.98663014,0.9651187,0.004939981,0.9518118,19.990705
0.6391199,0.8679183,0.45473987,0.51559603,18.231739
0.48884657,0.6668643,0.13965125,0.02997359,11.216537
0.30792993,0.70468074,0.20185345,0.6734324,16.216768
0.96991205,0.09390072,0.6726021,0.44375023,17.59037
0.86814225,0.17714979,0.69262594,0.8381153,16.588028
0.94461423,0.68324804,0.49717477,0.61784726,19.262537
0.868905,0.57060975,0.030387059,0.9309487,15.133511
0.68952674,0.6765134,0.21567515,0.6588855,15.840657
0.3938644,0.65123296,0.10659303,0.6578453,16.89573
0.9994137,0.04821204,0.97717416,0.40690795,16.936626
0.87075347,0.78238547,0.56701624,0.7384492,18.833698
0.87851554,0.40414032,0.32703316,0.66759336,16.694897
0.80784595,0.7622851,0.79781365,0.43558332,21.143152
0.8178342,0.12020905,0.5444891,0.0057586604,10.859654
0.32458583,0.36646155,0.3961727,0.69546723,14.541961
0.3885581,0.44869363,0.23754413,0.3732518,14.885112
0.22726963,0.07319593,0.60344857,0.6682128,16.858814
0.6194903,0.46349403,0.37978578,0.86333364,17.687946
0.5190818,0.4791819,0.025642065,0.34124783,11.410618
0.38019562,0.39882278,0.58017236,0.53360254,17.934198
0.6079051,0.7648833,0.8129857,0.7181231,21.851358
0.95552367,0.018232582,0.19577798,0.007562875,11.642715
0.6474747,0.8980305,0.24348229,0.92703456,18.501762
0.06026739,0.934436,0.3516227,0.10142083,13.2361555
0.48587176,0.25677657,0.2848729,0.30728996,12.592465
0.8030259,0.53916126,0.3113077,0.6103338,17.115116
0.7161507,0.272624,0.4135491,0.1218861,14.489012
0.18114935,0.68111783,0.18143834,0.5251634,15.205508
0.70904624,0.106876925,0.56731224,0.25656277,12.853209
0.96292686,0.48354566,0.80599254,0.55022657,20.53078
0.043412533,0.63315135,0.9514033,0.6016118,18.342663
0.81918883,0.8842065,0.22807977,0.21204484,16.094126
0.610981,0.41102847,0.8398613,0.9000231,21.543043
0.3534214,0.23687056,0.7805255,0.27480602,13.44763
0.8226143,0.42373824,0.6675499,0.095535316,15.037931
0.62385935,0.45176768,0.58660847,0.16801421,14.088322
0.73687375,0.8627971,0.2167398,0.095714554,12.751937
0.023638586,0.6419715,0.60709405,0.54669744,16.301167
0.2319471,0.390906,0.59447634,0.49676687,17.724005
0.9877855,0.13643976,0.69514453,0.40431878,14.570673
0.42819962,0.7175978,0.69243616,0.991256,20.532427
0.12839429,0.10410965,0.7243388,0.5783869,15.53418
0.27416065,0.07941937,0.08565825,0.89419085,14.056674
0.19186732,0.32337156,0.2266564,0.3549963,12.01922
0.06942384,0.5190598,0.067612566,0.8003565,13.125496
0.23371208,0.54001194,0.8800791,0.65087736,18.39963
0.5329578,0.32433376,0.3330019,0.66948694,14.821376
0.9941394,0.6618392,0.5577834,0.7306505,17.612673
0.4652056,0.060142342,0.5622968,0.95762527,18.388014
0.17530294,0.6900049,0.2009337,0.5358277,15.463949
0.09667645,0.45037094,0.75616336,0.34757152,15.009419
0.66491175,0.79545,0.92717785,0.23464209,18.44935
0.39931592,0.15241602,0.9924835,0.92700094,20.406353
0.5399571,0.84203327,0.520958,0.6235857,18.55865
0.08912443,0.7552704,0.12771349,0.8260676,16.787445
0.7820281,0.7087447,0.03616038,0.30312836,13.883153
0.26311257,0.36013642,0.087642744,0.93695784,16.601828
0.55380225,0.30552432,0.3969815,0.44720253,14.872413
0.60059434,0.5156794,0.919392,0.49696347,18.637293
0.992158,0.85142493,0.20851052,0.9305952,18.738237
0.1163664,0.8174497,0.38062328,0.87797433,18.076817
0.8680567,0.8059254,0.7900304,0.30467913,17.774143
0.08091928,0.40298018,0.17352451,0.6949511,13.253725
0.34609973,0.9756102,0.6409721,0.82248056,19.265108
0.13252467,0.8620145,0.9227572,0.48706192,17.315554
0.6062529,0.7648098,0.17483863,0.5025661,17.892359
0.398663,0.14637399,0.36753443,0.068172306,12.35953
0.025811907,0.13516629,0.9631151,0.54952955,17.65122
0.96582216,0.4324979,0.31181613,0.50614184,15.000495
0.4395117,0.105664685,0.64082634,0.21603818,13.312808
0.61958796,0.6502011,0.15202485,0.061349627,11.294283
0.7807616,0.45980042,0.058163796,0.9948663,16.745808
0.05778056,0.6950352,0.98367894,0.2391801,15.388831
0.14224938,0.12138494,0.30327514,0.10104581,11.274523
0.6921613,0.062291797,0.5094221,0.9966968,17.456713
0.81397027,0.6152194,0.3062536,0.6238958,18.245811
0.52704144,0.4260834,0.13071038,0.8866042,16.862757
0.44978464,0.19462252,0.36775935,0.41412976,15.755058
0.8275379,0.7336144,0.7693049,0.011031264,14.850339
0.416154,0.48134416,0.019192277,0.25981322,13.087913
0.76028985,0.13710971,0.53531015,0.21520187,14.943511
0.012120775,0.24120146,0.97587377,0.8015371,16.716381
0.95957667,0.48785403,0.1097362,0.5479595,16.673717
0.45437732,0.8443571,0.09808258,0.48824114,15.496565
0.15004866,0.32467592,0.7373571,0.47601813,15.064267
0.3758883,0.39447626,0.45944676,0.78501654,15.8889675
0.8920847,0.95533466,0.7869034,0.3154069,18.605442
0.68813473,0.43760312,0.25467062,0.8408716,19.18321
0.03842635,0.901762,0.46147746,0.6372015,16.853605
0.6593539,0.89511776,0.6366697,0.61393356,20.207613
0.06665204,0.518408,0.150169,0.7374338,13.658136
0.51222193,0.68022776,0.0416729,0.08479202,11.19484
0.7163234,0.07208434,0.07125673,0.012108475,10.948227
0.9565014,0.73750836,0.3532514,0.29653558,15.015432
0.34970322,0.77465355,0.66137064,0.18519557,15.150537
0.17410934,0.09839565,0.6603027,0.76437265,15.8376875
0.26504642,0.02094496,0.08217167,0.96786004,14.20831
0.2954448,0.76922315,0.6246636,0.38193965,16.19909
0.20568727,0.121386416,0.61501294,0.77463377,16.221294
0.64390427,0.5303021,0.041951224,0.96848875,17.766466
0.7987142,0.29282203,0.97997034,0.60188156,19.81321
0.5824227,0.74807316,0.8117698,0.6564786,18.751478
0.12809575,0.3382675,0.92808366,0.22461562,14.441314
0.37216702,0.43207687,0.439405,0.6129396,16.914234
0.94307584,0.2406927,0.12150138,0.19747049,13.478975
0.8869249,0.6458108,0.2859068,0.81594694,17.196375
0.86136997,0.84651434,0.91892654,0.25224102,19.429726
0.75504196,0.4605395,0.8419986,0.72849065,17.709995
0.7764475,0.65616184,0.17742877,0.5450269,16.15823
0.98466974,0.93738806,0.043173734,0.16481481,16.806086
0.13172877,0.7259799,0.8177853,0.21351136,14.721208
0.5058527,0.840703,0.73280156,0.5422372,17.963478
0.5903477,0.50836056,0.29754844,0.565022,16.44639
0.68888533,0.8733229,0.6362913,0.7611215,18.765331
0.16007164,0.46155748,0.009331619,0.24667886,10.220421
0.7264617,0.99180996,0.0991781,0.40149432,16.647923
0.80007094,0.20403564,0.55508494,0.73307127,16.755922
0.61598545,0.18802473,0.35538456,0.7837918,15.843759
0.5542265,0.0052296137,0.76099074,0.035311356,13.444606
0.7457338,0.20248055,0.9580735,0.36794075,17.466682
0.32693163,0.14888805,0.30560422,0.87665075,15.631091
0.9963343,0.36830953,0.44861063,0.72207093,17.698597
0.8861958,0.59304434,0.3915257,0.41262186,16.834185
0.69561815,0.0032182636,0.6195893,0.355493,14.2069
0.7941973,0.09299064,0.58820224,0.4809729,16.03921
0.6423255,0.06485359,0.5799838,0.5614846,14.958285
0.5606601,0.6034877,0.67646796,0.804989,19.125635
0.26982072,0.8250494,0.49825567,0.07705828,13.07333
0.058550928,0.33423832,0.78489697,0.70768094,16.648169
0.788615,0.5172691,0.440199,0.14745253,13.70963
0.32819274,0.43401936,0.08860043,0.22061196,10.373283
0.5982253,0.7356631,0.9983475,0.93311334,22.586407
0.6425652,0.42124805,0.63617736,0.7856516,18.720224
0.11833619,0.4099049,0.83980227,0.38383296,16.27951
0.5718723,0.5877694,0.18447626,0.36223543,13.731362
0.33451128,0.026196709,0.024191763,0.83169705,13.627515
0.2730708,0.51807874,0.29872558,0.94067925,17.580029
0.25929675,0.4296568,0.87273026,0.84193355,19.356544
0.18610142,0.8026433,0.4581869,0.48296887,15.131971
0.13347997,0.08060151,0.7279393,0.49646115,14.490673
0.4368507,0.7295082,0.7655129,0.15890817,16.37374
0.61022514,0.13535409,0.7513751,0.6569552,17.077877
0.9566146,0.068958014,0.05705472,0.28218707,10.037595
0.2617057,0.2469788,0.9062546,0.2495462,14.962072
0.27194974,0.7593983,0.44973984,0.77671057,19.974936
0.06536616,0.48757118,0.0336136,0.06265321,9.330331
0.90643746,0.13924538,0.5324207,0.4110956,14.676894
0.34734333,0.8998333,0.021823397,0.6637897,16.106567
0.96339446,0.5601682,0.9368225,0.05225788,17.440893
0.41879332,0.2601578,0.73082095,0.9812971,20.031633
0.25653008,0.6541746,0.19809763,0.56533027,13.51089
0.46393248,0.9720053,0.60852724,0.34950638,18.150873
0.114095785,0.15124683,0.22531693,0.25096667,11.170081
0.85061604,0.5612228,0.5233909,0.11476887,14.96016
0.86013967,0.7228143,0.06766836,0.7078351,17.395716
0.5435382,0.081725344,0.45830065,0.4846963,15.186654
0.16577454,0.94569814,0.84997535,0.6690223,20.416443
0.46229556,0.41176555,0.65097344,0.54543185,15.418388
0.062273107,0.5125027,0.80640364,0.45923987,16.844446
0.05195658,0.7862782,0.20136379,0.25862083,12.794838
0.16470635,0.33021507,0.7567515,0.5193859,15.787926
0.20488128,0.8778301,0.87958187,0.8705784,20.820541
0.2387962,0.45123935,0.98498964,0.7720125,18.928125
0.02716742,0.06520459,0.46393138,0.9092202,16.309006
0.5387018,0.4978125,0.1054737,0.6567801,14.991687
0.82210314,0.38042,0.7756119,0.96447664,19.533363
0.20376647,0.5233296,0.28713796,0.7928544,15.503904
0.5775934,0.6345824,0.79791415,0.39597046,17.815199
0.9150901,0.53302884,0.15795483,0.6958991,18.07177
0.79326135,0.31676167,0.8571793,0.90614325,20.972681
0.2769045,0.98352146,0.14071153,0.20201567,12.829916
0.18422484,0.8939897,0.6542925,0.15210429,17.797913
0.4403234,0.61529803,0.083464086,0.88241637,16.758757
0.80360353,0.50520676,0.9671266,0.41776097,20.049227
0.9841103,0.66792,0.6346713,0.16595489,16.641382
0.8819277,0.4274897,0.16223341,0.0126075195,12.775913
0.5597557,0.5273996,0.7193536,0.8902581,20.56665
0.07940658,0.7314965,0.18741195,0.85817707,17.468523
0.8190635,0.5407938,0.7102428,0.3143501,18.11505
0.4711679,0.8216369,0.4592652,0.35779828,17.015364
0.49421245,0.8282493,0.33520806,0.17376159,14.199158
0.712014,0.8259782,0.10063748,0.23987411,13.810641
0.14197199,0.3479414,0.45035097,0.7488263,15.895002
0.6511476,0.6209286,0.35237494,0.84144753,19.180845
0.47128716,0.97910494,0.63414216,0.12626474,16.03586
0.67617756,0.32510403,0.6863272,0.06964115,15.243604
0.17488144,0.85573727,0.22717956,0.83704114,18.558355
0.2792761,0.64288193,0.69415057,0.5126548,16.039717
0.30531067,0.21264438,0.033189356,0.3039464,9.919214
0.6531628,0.93830484,0.8712045,0.76606476,21.524744
0.7884473,0.6649849,0.26028687,0.90719503,19.0775
0.6707323,0.56044066,0.11098947,0.44705555,13.966673
0.46035826,0.8645636,0.5466482,0.38040054,18.207176
0.9768003,0.11072059,0.42254844,0.042024676,13.16224
0.7399041,0.9180766,0.28003734,0.8583417,19.481703
0.29221824,0.9107702,0.7539619,0.8049068,18.683077
0.018006556,0.96281034,0.726671,0.3047511,15.051307
0.82939464,0.2815212,0.87275386,0.11258039,15.934529
0.703686,0.54069847,0.09653447,0.24189383,11.075292
0.012404037,0.46876797,0.30126527,0.5983575,15.021393
0.2972378,0.2999191,0.7431932,0.048142835,12.938059
0.902895,0.85226387,0.66780466,0.59322155,23.259186
0.8923025,0.18533018,0.078969166,0.23951016,14.558051
0.79457825,0.034670267,0.5828068,0.9954375,18.227627
0.8556961,0.5214457,0.06364091,0.8313735,16.85298
0.5989785,0.114933,0.09385729,0.90962684,16.179296
0.66920024,0.8292868,0.8789789,0.57177234,21.853449
0.51744634,0.4304274,0.3169466,0.43459597,12.828328
0.77387965,0.6019234,0.8925233,0.44338003,17.065853
0.6070896,0.63130754,0.59169716,0.7026338,17.898752
0.23743346,0.5123638,0.1042248,0.38451132,13.172685
0.48766705,0.65222424,0.95053107,0.6006511,19.925333
0.74359393,0.50626606,0.634104,0.07093222,15.921731
0.25439158,0.3618531,0.47249335,0.045648746,10.647249
0.1400241,0.2768143,0.9715327,0.33134702,13.0569315
0.48204106,0.19609772,0.61078006,0.28068322,14.826528
0.20699258,0.51657265,0.0055057993,0.0076640327,8.932585
0.21906881,0.036721364,0.10802575,0.33886066,8.358896
0.80258566,0.57204866,0.5126677,0.29348883,16.165287
0.9317537,0.39701504,0.087092765,0.6170665,16.31436
0.1138384,0.34522313,0.50741196,0.8742225,16.382746
0.49354658,0.70225877,0.99281687,0.13148911,16.584845
0.27473152,0.39457607,0.42182818,0.41102108,13.818404
0.907611,0.71403265,0.6079052,0.30937272,17.104143
0.8237904,0.9550605,0.8211983,0.0015651052,16.058949
0.63640136,0.05113538,0.25760722,0.0595247,10.04425
0.60379547,0.6865899,0.11448764,0.3838389,14.954497
0.4562365,0.36905304,0.121025,0.4189478,13.285412
0.751178,0.07100766,0.08018001,0.3547713,12.235152
0.94172573,0.66857266,0.6786699,0.36192,17.06919
0.5936608,0.010131184,0.63609606,0.9132869,17.300205
0.61257344,0.8736986,0.72397304,0.12055842,14.498666
0.9024533,0.066443846,0.5339675,0.14213713,13.674273
0.011706611,0.42203426,0.2950407,0.4860005,14.543321
0.5771999,0.043739073,0.1230033,0.5586424,11.399295
0.34316736,0.7291735,0.65229166,0.84560436,18.695353
0.69249284,0.42993107,0.6729666,0.27538118,16.143429
0.30631348,0.78898513,0.4464195,0.7983803,19.350103
0.8224224,0.85756236,0.9166352,0.4309852,19.61838
0.31886682,0.58219874,0.37117243,0.60107416,15.055452
0.70558584,0.68840504,0.37455288,0.16686021,12.77538
0.43052933,0.14259414,0.890097,0.34587747,15.491153
0.15445974,0.02544776,0.6458224,0.63690233,16.657772
0.34060416,0.07171189,0.4096289,0.3112175,12.501468
0.6771206,0.60577923,0.3645937,0.21789256,14.562524
0.988036,0.45400164,0.68827426,0.14055297,16.386887
0.4855897,0.02753672,0.50545514,0.9640174,16.867205
0.3842067,0.03899601,0.030955791,0.38798675,9.97829
0.16002494,0.023352096,0.7562136,0.458523,14.928969
0.28924477,0.9000832,0.11613896,0.95591885,18.010036
0.31396672,0.88840365,0.6029429,0.82670736,19.488087
0.98401314,0.28840545,0.9611355,0.3894819,17.272863
0.3855119,0.3403871,0.5414076,0.15414505,14.453501
0.5537115,0.54170483,0.7619018,0.83364993,20.304066
0.44044134,0.30233324,0.2593349,0.19462384,11.442154
0.057647582,0.34244797,0.2702477,0.9664174,16.694302
0.5577088,0.34727705,0.5804676,0.1391967,13.302182
0.44404376,0.6262343,0.48889783,0.4017788,14.910227
0.9938484,0.88031477,0.62340593,0.56937736,19.276396
0.6206605,0.20131211,0.39513776,0.039459534,10.108607
0.47554603,0.5430246,0.22774974,0.96402884,17.9932
0.9094546,0.72214323,0.53338665,0.8699692,18.67254
0.13065234,0.7905098,0.12482081,0.7942107,14.71492
0.27576756,0.8770906,0.9440421,0.14879596,14.873063
0.4626756,0.98098737,0.48340744,0.8635475,19.824228
0.5887315,0.3753299,0.28578356,0.2032231,12.7654505
0.7617982,0.3865405,0.5112755,0.49232548,16.01519
0.57727903,0.86557716,0.98073936,0.40758422,18.50077
0.82751894,0.7645278,0.57352895,0.9560471,19.972363
0.20047452,0.10926421,0.85396194,0.43914983,15.407559
0.8469688,0.8930902,0.062457595,0.88346475,18.175793
0.44831905,0.5104325,0.6265925,0.9263826,19.394304
0.019116094,0.47684348,0.687722,0.722707,15.854325
0.6925324,0.13443513,0.2993956,0.35871553,13.445672
0.8044372,0.27875987,0.21070497,0.957448,18.629843
0.008863285,0.99782085,0.6768213,0.8284693,19.958961
0.2946194,0.014315277,0.7378695,0.8341446,16.222921
0.74047613,0.1428503,0.7534279,0.7689228,18.430704
0.6585405,0.7661159,0.84592146,0.6136041,19.710651
0.08860471,0.4876278,0.07764933,0.40754303,12.057711
0.4071065,0.06600984,0.34882054,0.1109981,10.5698395
0.8082352,0.94768804,0.072316475,0.9551152,19.143396
0.5225766,0.29956567,0.076862074,0.50062424,13.366142
0.79451555,0.7070865,0.05022601,0.07290184,11.907075
0.40287328,0.2952905,0.23238432,0.2810045,11.221851
0.8034828,0.92922807,0.4051027,0.906111,19.200998
0.3214957,0.47643697,0.226029,0.64047605,13.242965
0.97898114,0.6034931,0.35781407,0.64781743,16.809608
0.12292068,0.88865906,0.50308394,0.44934973,16.294378
0.5858648,0.6247839,0.07177581,0.68261725,14.818524
0.24193168,0.71395266,0.8225348,0.80395854,20.031645
0.55250096,0.5201699,0.14287595,0.77534616,16.139353
0.2714094,0.49669543,0.2842741,0.13382836,10.056847
0.62955767,0.054332037,0.74864525,0.3175868,15.409723
0.00013469301,0.51112914,0.046851907,0.27616957,11.746996
0.7069765,0.062689625,0.8393385,0.0038199227,12.597437
0.24682386,0.74090403,0.31627014,0.10189239,13.316984
0.36023393,0.27039328,0.8427119,0.3133479,14.399424
0.78893244,0.89187217,0.43381742,0.90994316,20.660702
0.37731805,0.9640784,0.08928952,0.6870193,15.292333
0.49381405,0.3876488,0.6327119,0.70385706,15.625633
0.0043632695,0.16695309,0.7130461,0.6663854,14.861628
0.9660475,0.76103777,0.9507727,0.7025405,21.787672
0.29805222,0.10536492,0.7818239,0.64414924,15.691951
0.04818601,0.36005047,0.9567998,0.50040114,15.187136
0.43272913,0.4576996,0.20888272,0.36870718,12.9857435
0.36981326,0.05235502,0.76756763,0.41650444,14.925019
0.8221799,0.850348,0.21199405,0.65735346,17.82713
0.4722818,0.88015676,0.21574068,0.6778132,17.265556
0.60775214,0.29530147,0.1366009,0.65163976,13.92719
0.73859745,0.31562734,0.6448326,0.3951309,17.244968
0.7132069,0.19921528,0.890215,0.2874096,14.935841
0.367786,0.058091953,0.111512214,0.5158619,12.476019
0.26759267,0.8354802,0.014693389,0.37909403,14.674622
0.33734554,0.019327631,0.1243684,0.41364267,11.673953
0.49286458,0.40428975,0.5309377,0.5951317,16.118708
0.009923821,0.46409515,0.96349925,0.5190323,16.289545
0.67754227,0.31186387,0.7739914,0.7729215,19.823656
0.521296,0.97601384,0.12555021,0.016947664,11.7744055
0.77015823,0.80715555,0.12020723,0.26558283,13.763506
0.017552363,0.29330862,0.77314186,0.51796055,14.801806
0.3480956,0.3717393,0.0013536257,0.29980052,12.574469
0.64645875,0.97419447,0.8470608,0.023594964,17.592796
0.8985606,0.7831984,0.78037614,0.45799577,18.510284
0.3980053,0.30291572,0.06569486,0.22823536,10.793258
0.24660364,0.48407707,0.7474444,0.47380984,15.641877
0.05784445,0.9577898,0.94272435,0.78518957,19.719662
0.9913279,0.54448235,0.9627684,0.07560504,18.398275
0.36568075,0.22538127,0.19583309,0.14080295,9.450808
0.62241364,0.7813219,0.5782984,0.1469627,17.374577
0.8111238,0.6359547,0.3881657,0.6741303,18.79103
0.25990498,0.3451922,0.91748583,0.29050452,16.581802
0.46998826,0.8901411,0.70772135,0.062203225,15.419415
0.14730304,0.007841591,0.6309218,0.44767344,13.163984
0.13427486,0.95793414,0.52965975,0.24189329,13.901068
0.50060356,0.6796203,0.07623922,0.2747038,12.725049
0.8069655,0.45966488,0.54657716,0.432816,17.082993
0.043899942,0.16574977,0.44554165,0.20918547,12.573583
0.049979027,0.8436497,0.9811925,0.79314286,19.0822
0.8537849,0.24197713,0.96062696,0.1969257,16.148447
0.9514298,0.9948193,0.7117228,0.9811437,23.127745
0.5695398,0.25954178,0.4369959,0.59356093,14.0973425
0.07308156,0.62234324,0.98117787,0.19010764,16.346502
0.7925951,0.9078988,0.94370157,0.9601356,22.764711
0.52145964,0.9773079,0.7573102,0.16167143,17.0348
0.4769001,0.71833116,0.24734032,0.64061517,15.932468
0.66660047,0.16269974,0.5650853,0.7716269,16.31645
0.49889567,0.012103117,0.009038469,0.35702935,10.725423
0.9261941,0.22867678,0.6343637,0.22207586,14.981954
0.32167,0.8480421,0.72886145,0.095399275,15.2020235
0.42870203,0.029169764,0.48089015,0.66243404,14.053378
0.118502624,0.28888494,0.39783663,0.91953105,16.33694
0.993255,0.0449113,0.7610079,0.37172407,17.848412
0.3924582,0.75426495,0.91842645,0.95092857,21.632025
0.57712257,0.35712117,0.7875491,0.2510014,16.599724
0.56407404,0.35857847,0.65663105,0.24039891,13.461863
0.19159295,0.91823906,0.10180368,0.5059579,14.950262
0.22085278,0.03892996,0.03601882,0.17522177,7.9523344
0.8667703,0.28247875,0.9504592,0.5816223,17.49533
0.4366142,0.58008885,0.51669836,0.75877625,17.026976
0.28249606,0.35305038,0.8940943,0.9464565,20.6008
0.8925582,0.419448,0.7803655,0.47633573,19.065325
0.49753985,0.20468011,0.5911303,0.1861359,13.626812
0.3315647,0.8550302,0.2070758,0.07115828,11.344443
0.06900759,0.9407845,0.50692046,0.4094121,15.764955
0.8108786,0.8358259,0.33219102,0.69361806,18.900303
0.7711228,0.6546507,0.15159507,0.8758831,18.12078
0.53909457,0.28247243,0.42522818,0.03757109,10.254948
0.1278668,0.76554674,1.16347555e-05,0.41656584,12.054923
0.5225102,0.05463442,0.9730782,0.22612533,14.944133
0.3041987,0.3039425,0.23041666,0.001473822,10.825583
0.7293448,0.9668455,0.22429349,0.6630472,15.959039
0.74189633,0.8484254,0.4226292,0.3029309,16.387999
0.32529512,0.71262133,0.8167795,0.18161397,16.143002
0.370941,0.90194017,0.8066935,0.9848584,22.512814
0.75424826,0.3931952,0.59063786,0.66101426,18.447659
0.07845581,0.54449695,0.70932084,0.16732131,14.546458
0.7806317,0.5837728,0.9522218,0.0424223,15.892689
0.26532614,0.60155386,0.2965599,0.7144242,14.063537
0.7590053,0.102515966,0.51385444,0.50889057,14.916642
0.36928076,0.93292487,0.8275063,0.69720936,21.16196
0.7143266,0.46171615,0.9209945,0.69459546,21.155844
0.7289811,0.8616909,0.2740716,0.8070709,19.55704
0.1952406,0.34534195,0.33561045,0.97852546,16.945635
0.8565372,0.70116985,0.72705674,0.5620728,19.761652
0.9470907,0.49625877,0.38051772,0.16303533,14.150989
0.78620565,0.7344439,0.38435504,0.025193414,14.239268
0.8389973,0.011417983,0.70369977,0.9702571,20.571775
0.43766132,0.2349734,0.704871,0.8171281,16.737444
0.5464303,0.9670353,0.051668722,0.5047956,17.409328
0.71845394,0.8626405,0.1792556,0.80000347,17.980194
0.5527071,0.3965537,0.13171503,0.86529577,17.420118
0.1572732,0.30978787,0.29004553,0.871414,13.982868
0.67270297,0.7966814,0.2504679,0.6248741,17.792322
0.571746,0.83283037,0.90608704,0.0121567715,15.913165
0.67401993,0.051835798,0.54885864,0.28763273,12.284225
0.3067766,0.3529585,0.6212925,0.33404997,14.66146
0.73269904,0.4045274,0.0683532,0.78375983,16.870003
0.28575832,0.43276688,0.6854439,0.33245617,14.165358
0.056585655,0.37392104,0.9444486,0.6417344,15.739075
0.67147917,0.63228214,0.19899213,0.41833386,14.956685
0.7509398,0.1013729,0.27785277,0.27631912,12.618054
0.43201894,0.98036873,0.06750254,0.518701,16.21557
0.17936468,0.97067654,0.113303505,0.403601,15.358519
0.737885,0.70455444,0.42272863,0.34652418,16.165245
0.3976124,0.26427627,0.20533293,0.4830397,15.030349
0.26853377,0.28746167,0.65675604,0.96853733,18.274687
0.6036372,0.076979466,0.075583614,0.9514232,14.85886
0.2972908,0.09206699,0.59904456,0.62364876,13.385689
0.6485048,0.26740202,0.015110685,0.96501535,15.618109
0.25089306,0.6760263,0.7066299,0.6100074,17.313591
0.3129074,0.27109626,0.5976683,0.86609566,18.168327
0.9467337,0.1059058,0.15482861,0.94473624,17.168869
0.73653525,0.8829938,0.20263264,0.58758587,16.100891
0.70113957,0.6801119,0.4081517,0.015394892,14.129249
0.58292603,0.25310153,0.45025423,0.95758104,18.429472
0.3990353,0.8398016,0.18854061,0.6724605,18.06181
0.977007,0.1018931,0.008319942,0.43358278,13.869194
0.092625484,0.74838436,0.91454864,0.43402097,18.20913
0.25871164,0.43440333,0.7234478,0.009054162,13.2453985
0.589454,0.6132917,0.6376882,0.24202208,16.250414
0.71405274,0.09139149,0.19927034,0.8774701,17.0184
0.73872316,0.013745554,0.24837627,0.21440649,10.466695
0.27080634,0.24755977,0.06252629,0.4589405,11.519493
0.7327335,0.6067317,0.67287165,0.081149176,14.703812
0.9514907,0.83849186,0.8050903,0.8229838,22.550947
0.9327105,0.54425395,0.20028202,0.6167836,17.907482
0.7428815,0.73791736,0.521449,0.06845872,14.601337
0.37111294,0.9207666,0.58444893,0.5383319,15.558337
0.26885352,0.3684489,0.8953461,0.6664631,17.343645
0.787387,0.45434543,0.63024724,0.24838361,16.734554
0.70546085,0.42760134,0.4425455,0.64932233,17.47308
0.9362806,0.06400634,0.8247432,0.2923831,16.371069
0.44391945,0.02191333,0.30104607,0.50263125,12.660437
0.056176078,0.49109572,0.9271106,0.105393216,13.121793
0.7644407,0.40967107,0.6551737,0.2602366,16.28459
0.15949227,0.16046262,0.07049195,0.1856467,8.752385
0.6642194,0.8816906,0.81412566,0.6851343,22.884953
0.110431865,0.28918746,0.30980688,0.24995695,12.107328
0.51500565,0.5355538,0.35688597,0.35378915,14.013749
0.8285556,0.7892929,0.30779582,0.91378844,19.053164
0.952815,0.32674253,0.35442495,0.5056341,15.878401
0.9411208,0.8763194,0.10256796,0.39273074,15.958363
0.5533712,0.50313246,0.19386306,0.85881674,17.911694
0.6769408,0.8379084,0.8587643,0.74835587,21.352829
0.4392106,0.61054677,0.1603654,0.67364544,14.871886
0.17925325,0.6939496,0.22959816,0.1175513,14.057298
0.16528448,0.0019921353,0.7187396,0.7324011,15.541235
0.51493335,0.1613628,0.083554335,0.019128967,10.491636
0.16574818,0.89085555,0.24153684,0.35427132,13.785752
0.10534549,0.22236131,0.5192246,0.6077527,14.811236
0.24535231,0.057732157,0.39103287,0.23420337,11.63848
0.21955392,0.9598628,0.61630046,0.55687845,16.031237
0.4157751,0.42894432,0.540905,0.6964298,18.86148
0.7021461,0.1716939,0.5001128,0.4119581,16.056171
0.87052697,0.63141894,0.5325041,0.115394644,15.09495
0.6056379,0.117203906,0.33720657,0.14284196,10.726544
0.69207364,0.20625211,0.39185938,0.89567477,17.582136
0.20431638,0.50780505,0.41927165,0.01812404,11.935969
0.7927581,0.06904591,0.47425503,0.5606783,15.745472
0.62842643,0.68863165,0.25327238,0.009978777,13.157618
0.7234437,0.5356566,0.8361177,0.82138836,20.928118
0.84332615,0.48509467,0.3336284,0.7915582,19.335154
0.45129412,0.18344219,0.85497403,0.8825599,19.225985
0.46630976,0.075699724,0.38782609,0.80353767,14.412429
0.90177405,0.20347275,0.06697361,0.87735045,17.480747
0.38940495,0.541761,0.9680658,0.06656473,17.215591
0.648318,0.07410542,0.37546894,0.80381453,19.093664
0.43347225,0.99718237,0.55905926,0.32116216,15.887921
0.22011133,0.35052052,0.37253326,0.06871368,11.580247
0.3695742,0.46423852,0.7227377,0.65672946,15.437644
0.7087656,0.008363682,0.2176674,0.6616843,14.771343
0.48398936,0.0053134756,0.8044946,0.77280957,16.584352
0.5484192,0.06646333,0.7665151,0.5837136,18.169413
0.78195995,0.751747,0.80300206,0.51800805,18.701311
0.14032452,0.6711575,0.6204738,0.7422532,15.972308
0.169881,0.1949752,0.8904095,0.7499778,16.770195
0.9082285,0.75871533,0.59715533,0.6541327,17.694632
0.8891279,0.57880676,0.63239133,0.15647672,16.834528
0.4739212,0.7163971,0.2709427,0.20225418,11.790507
0.3138268,0.24150063,0.21491264,0.42485085,12.559608
0.9078385,0.50705963,0.18792038,0.07697167,11.075375
0.69615614,0.38279876,0.8218309,0.6595108,18.365585
0.79624146,0.27194604,0.6923589,0.264062,17.166054
0.9390685,0.6363743,0.3245118,0.26951185,15.96298
0.19092658,0.69464093,0.21871561,0.59530324,14.153248
0.26463503,0.66196895,0.81493974,0.77802527,19.153427
0.7608513,0.1877224,0.08838495,0.6989488,14.687078
0.36834723,0.43234622,0.031149093,0.25957644,12.020261
0.033676405,0.8791858,0.24339668,0.55733716,13.81192
0.03897932,0.6668474,0.32302734,0.8979192,17.379547
0.8881182,0.32529062,0.9009609,0.99615765,18.742876
0.8254157,0.84487134,0.24900873,0.5767024,16.931107
0.067255914,0.09491794,0.9988926,0.32663924,14.047464
0.7481839,0.80666506,0.8580233,0.9976283,23.380424
0.24149649,0.04035083,0.41119152,0.13008067,10.744966
0.02242589,0.3604268,0.78373826,0.5661807,14.419197
0.312778,0.654342,0.23201819,0.014381446,10.817088
0.7643534,0.62374306,0.76230264,0.038938016,16.031855
0.83711964,0.6195262,0.5633953,0.62461406,18.475058
0.8644332,0.58693653,0.5809504,0.99067914,20.210749
0.75673014,0.4422938,0.707397,0.38923046,16.4309
0.22887546,0.5968519,0.9281821,0.9291395,20.985949
0.34190527,0.5276775,0.2116359,0.9956311,16.6507
0.9811179,0.64950895,0.80441403,0.71510017,20.76597
0.59315825,0.053347997,0.45476434,0.6747863,17.485342
0.6775316,0.37312263,0.941692,0.16735703,14.814005
0.5003595,0.690884,0.6971358,0.64863896,16.790285
0.27528822,0.15620656,0.6359403,0.5993021,16.009794
0.17935601,0.70513916,0.455172,0.6677606,15.962405
0.83736706,0.16972843,0.019144868,0.77910256,14.643117
0.6096974,0.69963956,0.838155,0.8028109,19.854136
0.96092016,0.5359351,0.48849562,0.4018872,16.620502
0.15369104,0.5726072,0.27701253,0.9213075,18.262947
0.5831908,0.5928402,0.35492465,0.05198935,14.009621
0.031743765,0.42333513,0.08456538,0.6068469,13.714704
0.880973,0.88291484,0.6590454,0.21123183,16.320969
0.8629968,0.88609344,0.19665359,0.7374261,17.390036
0.28651956,0.8026403,0.9972379,0.030026006,13.397387
0.89736587,0.62263054,0.9733826,0.4650095,19.030209
0.8473879,0.062394068,0.33527905,0.067016535,12.826938
0.9753431,0.8169739,0.8525474,0.9379652,23.6014
0.08510349,0.3855976,0.071034886,0.21079311,10.19612
0.22936578,0.4691072,0.26856217,0.100978106,11.490906
0.1674911,0.14727557,0.9730768,0.7592925,16.82383
0.96776146,0.43974048,0.27836847,0.7982932,18.048607
0.32625392,0.29938337,0.23250599,0.12967898,11.882777
0.25646305,0.35531974,0.6739942,0.06256484,11.320142
0.21050695,0.8090236,0.14692192,0.34264514,13.957744
0.8646589,0.15492532,0.082736835,0.484538,14.467025
0.3024195,0.5634084,0.8038049,0.13714848,14.5877075
0.5806991,0.5055088,0.14407879,0.62399846,15.929217
0.27364042,0.4878343,0.08227232,0.45958406,15.755779
0.30646348,0.8223812,0.05697873,0.41860726,13.90111
0.45843142,0.7250061,0.5742876,0.6672123,18.543337
0.7770493,0.862203,0.3138755,0.5380227,16.839417
0.8401081,0.9894511,0.88951933,0.37146726,20.33578
0.19516651,0.48939255,0.74164146,0.49256906,16.666964
0.48318085,0.83823043,0.3614038,0.8597947,18.963093
0.4068048,0.3282331,0.45398992,0.76244694,15.358283
0.12600203,0.19641921,0.9514448,0.17549163,14.180219
0.5677273,0.5793145,0.48962447,0.64474523,18.799229
0.22982672,0.55266225,0.37217325,0.6616673,16.179634
0.14122355,0.57087743,0.18527035,0.27864307,13.267378
0.2187098,0.18283778,0.82571095,0.28570756,13.993269
0.9271238,0.96992654,0.57126045,0.14300112,18.125286
0.37454826,0.79773223,0.36739072,0.087017216,13.952899
0.5567849,0.84512085,0.7959264,0.17512314,16.130299
0.6727646,0.22050427,0.21820754,0.8740718,16.5543
0.24966896,0.26324734,0.0006533908,0.870669,13.0375805
0.7925948,0.62732893,0.7502658,0.15204857,15.91784
0.4583236,0.3512194,0.093776524,0.48613048,13.354842
0.92073965,0.04005912,0.2914609,0.20754093,12.92225
0.23814665,0.90843457,0.46806905,0.4662994,15.297088
0.76057565,0.1544922,0.48726535,0.42998523,15.969919
0.5969107,0.9995577,0.7694489,0.3978657,19.595407
0.82755303,0.17070836,0.030463686,0.20444837,10.839773
0.34041154,0.5105808,0.6151291,0.9106057,17.065252
0.509854,0.50127566,0.05024301,0.034911554,10.850445
0.55116,0.4381786,0.8391804,0.16067958,15.12023
0.024971662,0.44903877,0.23747855,0.049614374,10.46929
0.7245983,0.111593,0.6083195,0.28104976,13.984946
0.17349605,0.37975153,0.8014458,0.39209357,13.391828
0.7507697,0.1254863,0.7727714,0.23693332,14.651364
0.67739314,0.56578153,0.92914474,0.38732252,17.959345
0.06616519,0.019155486,0.8268586,0.5247356,15.191485
0.77524406,0.2344256,0.34508374,0.030103872,11.471277
0.9614923,0.6678679,0.93320507,0.2654964,20.493628
0.6114636,0.6785,0.3175497,0.84810925,16.313154
0.94716144,0.8848551,0.73906696,0.2774647,20.052195
0.28161603,0.9633603,0.010284496,0.71604997,15.821692
0.70624614,0.62268955,0.99010885,0.31187943,19.290903
0.33997187,0.0789394,0.44279814,0.26104853,12.195757
0.3433867,0.8345718,0.9354845,0.18573307,18.299824
0.37250894,0.9286306,0.06180846,0.09236053,12.307893
0.16279098,0.5952128,0.15047227,0.9680764,15.331424
0.44671452,0.50151795,0.24665862,0.47096026,15.825774
0.66191363,0.75117713,0.7538681,0.5778911,19.113655
0.90435976,0.81740785,0.75704813,0.055605523,17.323143
0.006877962,0.21244727,0.6635236,0.41119748,14.889977
0.40240625,0.8845869,0.8955628,0.9091753,20.646477
0.3138781,0.69105583,0.27163318,0.19060983,13.803173
0.18463245,0.34210762,0.42995763,0.8309492,15.4679165
0.11989109,0.73492587,0.5314549,0.28794533,14.552154
0.49281958,0.29994208,0.596082,0.4338439,15.33398
0.16440552,0.11658307,0.5466957,0.902413,14.607284
0.3439577,0.7330001,0.65866137,0.9315549,19.067673
0.820981,0.56660527,0.6570305,0.8983865,21.755909
0.3995188,0.3267947,0.010811084,0.8265511,15.405289
0.8009807,0.10445452,0.5768574,0.4639817,15.426298
0.118709095,0.98056823,0.21469589,0.06723418,12.998408
0.5948474,0.7388667,0.032443445,0.65871763,15.560289
0.5322919,0.10326501,0.17252387,0.56797427,14.636984
0.2963576,0.93831575,0.81874025,0.9835672,21.437088
0.25967085,0.96972364,0.43123388,0.3475188,16.131031
0.050349526,0.052765258,0.69201124,0.457929,14.71577
0.22652163,0.6139703,0.25285813,0.5776318,14.088156
0.35920873,0.82355225,0.8206962,0.47735038,19.898207
0.3508191,0.3625598,0.80571455,0.32817948,13.969885
0.20905937,0.08468834,0.46669313,0.4821321,14.821832
0.8409087,0.2212387,0.38099128,0.80840576,16.790396
0.8236236,0.38461107,0.45912403,0.3032859,14.881952
0.9325549,0.11864377,0.93374944,0.68386644,17.154175
0.53157216,0.03265906,0.4755962,0.4077481,13.095028
0.1612188,0.6564096,0.97115093,0.5621888,17.298376
0.71475327,0.06845045,0.417667,0.11635849,11.596901
0.6127958,0.93848217,0.66177773,0.07680305,16.224712
0.3546662,0.55066335,0.40320775,0.83364403,18.242346
0.814671,0.611831,0.37345794,0.25533637,15.498248
0.105874315,0.35489768,0.4131725,0.6758229,15.16569
0.65815985,0.07010814,0.39525932,0.18177886,11.226362
0.15681271,0.82730216,0.041915216,0.41918287,12.623566
0.16820365,0.8793302,0.5570405,0.23138064,16.994143
0.5024273,0.7314864,0.958118,0.220446,16.811293
0.8861818,0.9343041,0.9164205,0.63541436,23.446558
0.62982064,0.40321064,0.7523979,0.53129405,17.208998
0.6774381,0.42845792,0.73149645,0.82447153,19.352745
0.14643626,0.83292973,0.54029655,0.8446659,19.61087
0.4313017,0.37904048,0.91506076,0.25116926,17.164278
0.84421235,0.48402056,0.5140954,0.30846828,15.779194
0.5730422,0.3252112,0.039269414,0.2719986,11.460067
0.006379043,0.9783548,0.96574724,0.3951553,18.076303
0.72837085,0.3458061,0.67109317,0.80543005,19.094341
0.94675624,0.4002123,0.78329796,0.26592845,17.844482
0.9903323,0.025769599,0.6035288,0.65950596,17.052984
0.68804556,0.12038758,0.9385298,0.18118328,15.944322
0.6227534,0.22267608,0.3072164,0.54645854,16.212158
0.4171934,0.1602256,0.1709364,0.4181448,12.637343
0.757283,0.89796466,0.084127665,0.3931039,15.954622
0.100245565,0.01659248,0.66171867,0.6024494,12.771486
0.16301912,0.23381284,0.023707753,0.8349472,10.921801
0.9746906,0.13545954,0.23147522,0.8684095,17.222118
0.9264638,0.41962737,0.05062247,0.039391834,11.85254
0.5739499,0.3928951,0.028652428,0.5832524,13.421424
0.011302536,0.78737193,0.3064328,0.040258,12.200638
0.5883522,0.39768443,0.9738004,0.5441987,18.429585
0.27523917,0.70943886,0.271492,0.9042433,18.574173
0.37472197,0.5498686,0.050573103,0.42612123,13.219344
0.83236355,0.8056488,0.22431856,0.22607908,14.4508295
0.8173053,0.9303984,0.09536092,0.45005864,17.340832
0.3374543,0.87068844,0.08352491,0.21112594,12.962366
0.75246835,0.05129385,0.49253538,0.44210702,15.104436
0.3344012,0.39457232,0.5299406,0.16136736,12.72199
